HUGO,LUCIA
DANIEL,MARIA
PABLO,PAULA
ALEJANDRO,DANIELA
ALVARO,MARTINA
ADRIAN,CARLA
DAVID,SARA
MARIO,SOFIA
DIEGO,VALERIA
JAVIER,JULIA
LUCAS,ALBA
NICOLAS,CLAUDIA
MANUEL,NOA
MARCOS,MARTA
IKER,IRENE
SERGIO,EMMA
IZAN,CARMEN
JORGE,LAURA
CARLOS,ANA
MARTIN,AINHOA
LEO,ELENA
MIGUEL,ADRIANA
MARC,VALENTINA
MATEO,ALEJANDRA
ALEX,INES
GONZALO,AITANA
ANTONIO,ARIADNA
IVAN,LEIRE
JUAN,AINARA
ANGEL,LAIA
RUBEN,NEREA
VICTOR,MARINA
HECTOR,ANDREA
SAMUEL,CARLOTA
AITOR,LOLA
ERIC,JIMENA
GABRIEL,ANGELA
JOEL,CANDELA
RAUL,ROCIO
JOSE,BLANCA
RODRIGO,VERA
ADAM,NORA
GUILLERMO,ALICIA
DARIO,CELIA
JESUS,VEGA
ERIK,NATALIA
BRUNO,CLARA
MARCO,LEYRE
FRANCISCO,VICTORIA
AARON,EVA
PAU,OLIVIA
PEDRO,ISABEL
ALBERTO,CRISTINA
JAIME,AINA
ENZO,AROA
LUIS,NURIA
OLIVER,LARA
ASIER,ALMA
RAFAEL,ABRIL
UNAI,CAROLINA
POL,ELSA
MOHAMED,MAR
OSCAR,MARA
ANDRES,GABRIELA
BIEL,MANUELA
ISMAEL,ZOE
FERNANDO,NOELIA
ARNAU,AFRICA
RAYAN,IRIA
ALONSO,BERTA
MARTI,ALEXIA
GERARD,ERIKA
IAN,HELENA
JAN,MIRIAM
IGNACIO,NAIARA
MIGUEL ANGEL,SILVIA
CRISTIAN,AYA
SANTIAGO,SALMA
GAEL,NAIA
NIL,NAYARA
JOAN,CHLOE
THIAGO,MIREIA
ENRIQUE,PAOLA
ISAAC,ONA
SAUL,SANDRA
JOSE ANTONIO,MALAK
YAGO,RAQUEL
JOSE MANUEL,ANE
ROBERTO,NAHIA
EDUARDO,JANA
OMAR,DIANA
ALEIX,PATRICIA
LUCA,MIA
ORIOL,ANNA
JORDI,IRIS
FRANCISCO JAVIER,YANIRA
ANDER,LUNA
JON,ARLET
YERAY,NADIA
DYLAN,LIDIA
